{"serviced_tasks": 5, "data_processed": 101.2801104030811, "energy_consumed": 10050.0, "total_distance": 668.3150896523005, "remaining_energy": 0.0, "energy_efficiency": 0.010077622925679711, "task_completion_rate": 0.25, "avg_service_latency": 2.0, "performance_score": 0.17903104917027188, "algorithm": "A*", "trajectory": [[500, 500], [500, 500], [500, 500], [500, 500], [500, 500], [500, 500], [507.0710678118655, 507.0710678118655], [504.0034077535052, 497.55321817203924], [500.9357476951449, 488.03536853221294], [497.86808763678465, 478.51751889238665], [494.8004275784244, 468.99966925256035], [491.7327675200641, 459.48181961273406], [488.6651074617038, 449.96396997290776], [485.59744740334355, 440.44612033308147], [482.5297873449833, 430.92827069325523], [479.462127286623, 421.410421053429], [476.3944672282627, 411.8925714136027], [473.32680716990245, 402.37472177377646], [470.2591471115422, 392.8568721339502], [467.1914870531819, 383.3390224941239], [464.1238269948216, 373.8211728542977], [461.05616693646135, 364.30332321447145], [457.9885068781011, 354.7854735746452], [454.92084681974075, 345.26762393481897], [451.85318676138047, 335.7497742949927], [451.85318676138047, 335.7497742949927], [451.85318676138047, 335.7497742949927], [461.83607073023245, 335.16494298218737], [471.81895469908443, 334.58011166938206], [481.8018386679364, 333.99528035657676], [491.7847226367884, 333.41044904377145], [501.76760660564037, 332.82561773096614], [511.75049057449235, 332.24078641816084], [521.7333745433443, 331.65595510535553], [531.7162585121963, 331.0711237925502], [541.6991424810483, 330.48629247974486], [550.0, 330.0], [550.0, 330.0], [550.0, 330.0], [550.0, 330.0], [550.0, 330.0], [560.0, 330.0], [570.0, 330.0], [580.0, 330.0], [590.0, 330.0], [600.0, 330.0], [610.0, 330.0], [620.0, 330.0], [630.0, 330.0], [640.0, 330.0], [650.0, 330.0], [660.0, 330.0], [670.0, 330.0], [680.0, 330.0], [690.0, 330.0], [700.0, 330.0], [710.0, 330.0], [720.0, 330.0], [730.0, 330.0], [730.0, 330.0], [730.0, 330.0], [730.0, 330.0], [730.0, 330.0], [740.0, 330.0], [750.0, 330.0], [760.0, 330.0], [770.0, 330.0], [780.0, 330.0], [790.0, 330.0], [800.0, 330.0], [810.0, 330.0], [810.0, 330.0], [810.0, 330.0], [810.0, 330.0], [820.0, 330.0], [830.0, 330.0], [840.0, 330.0], [850.0, 330.0], [860.0, 330.0], [870.0, 330.0], [880.0, 330.0], [890.0, 330.0], [900.0, 330.0], [910.0, 330.0], [910.0, 330.0], [910.0, 330.0], [900.0, 330.0], [890.0, 330.0]], "energy_log": [10000.0, 10000.0, 10000.0, 10000.0, 10000.0, 10000.0, 9850.0, 9700.0, 9550.0, 9400.0, 9250.0, 9100.0, 8950.0, 8800.0, 8650.0, 8500.0, 8350.0, 8200.0, 8050.0, 7900.0, 7750.0, 7600.0, 7450.0, 7300.0, 7150.0, 7150.0, 7150.0, 7000.0, 6850.0, 6700.0, 6550.0, 6400.0, 6250.0, 6100.0, 5950.0, 5800.0, 5650.0, 5650.0, 5650.0, 5650.0, 5650.0, 5500.0, 5350.0, 5200.0, 5050.0, 4900.0, 4750.0, 4600.0, 4450.0, 4300.0, 4150.0, 4000.0, 3850.0, 3700.0, 3550.0, 3400.0, 3250.0, 3100.0, 2950.0, 2950.0, 2950.0, 2950.0, 2950.0, 2800.0, 2650.0, 2500.0, 2350.0, 2200.0, 2050.0, 1900.0, 1750.0, 1750.0, 1750.0, 1750.0, 1600.0, 1450.0, 1300.0, 1150.0, 1000.0, 850.0, 700.0, 550.0, 400.0, 250.0, 250.0, 250.0, 100.0, 0.0], "stats_log": [{"step": 0, "uav_position": [500, 500], "uav_energy": 10000.0, "servicing_user": null, "serviced_tasks": 0, "data_processed": 0.0, "energy_consumed": 0.0}, {"step": 1, "uav_position": [500, 500], "uav_energy": 10000.0, "servicing_user": null, "serviced_tasks": 0, "data_processed": 0.0, "energy_consumed": 0.0}, {"step": 2, "uav_position": [500, 500], "uav_energy": 10000.0, "servicing_user": null, "serviced_tasks": 0, "data_processed": 0.0, "energy_consumed": 0.0}, {"step": 3, "uav_position": [500, 500], "uav_energy": 10000.0, "servicing_user": null, "serviced_tasks": 0, "data_processed": 0.0, "energy_consumed": 0.0}, {"step": 4, "uav_position": [500, 500], "uav_energy": 10000.0, "servicing_user": null, "serviced_tasks": 0, "data_processed": 0.0, "energy_consumed": 0.0}, {"step": 5, "uav_position": [500, 500], "uav_energy": 10000.0, "servicing_user": null, "serviced_tasks": 0, "data_processed": 0.0, "energy_consumed": 0.0}, {"step": 6, "uav_position": [507.0710678118655, 507.0710678118655], "uav_energy": 9850.0, "servicing_user": null, "serviced_tasks": 0, "data_processed": 0.0, "energy_consumed": 150.0}, {"step": 7, "uav_position": [504.0034077535052, 497.55321817203924], "uav_energy": 9700.0, "servicing_user": null, "serviced_tasks": 0, "data_processed": 0.0, "energy_consumed": 300.0}, {"step": 8, "uav_position": [500.9357476951449, 488.03536853221294], "uav_energy": 9550.0, "servicing_user": null, "serviced_tasks": 0, "data_processed": 0.0, "energy_consumed": 450.0}, {"step": 9, "uav_position": [497.86808763678465, 478.51751889238665], "uav_energy": 9400.0, "servicing_user": null, "serviced_tasks": 0, "data_processed": 0.0, "energy_consumed": 600.0}, {"step": 10, "uav_position": [494.8004275784244, 468.99966925256035], "uav_energy": 9250.0, "servicing_user": null, "serviced_tasks": 0, "data_processed": 0.0, "energy_consumed": 750.0}, {"step": 11, "uav_position": [491.7327675200641, 459.48181961273406], "uav_energy": 9100.0, "servicing_user": null, "serviced_tasks": 0, "data_processed": 0.0, "energy_consumed": 900.0}, {"step": 12, "uav_position": [488.6651074617038, 449.96396997290776], "uav_energy": 8950.0, "servicing_user": null, "serviced_tasks": 0, "data_processed": 0.0, "energy_consumed": 1050.0}, {"step": 13, "uav_position": [485.59744740334355, 440.44612033308147], "uav_energy": 8800.0, "servicing_user": null, "serviced_tasks": 0, "data_processed": 0.0, "energy_consumed": 1200.0}, {"step": 14, "uav_position": [482.5297873449833, 430.92827069325523], "uav_energy": 8650.0, "servicing_user": null, "serviced_tasks": 0, "data_processed": 0.0, "energy_consumed": 1350.0}, {"step": 15, "uav_position": [479.462127286623, 421.410421053429], "uav_energy": 8500.0, "servicing_user": null, "serviced_tasks": 0, "data_processed": 0.0, "energy_consumed": 1500.0}, {"step": 16, "uav_position": [476.3944672282627, 411.8925714136027], "uav_energy": 8350.0, "servicing_user": null, "serviced_tasks": 0, "data_processed": 0.0, "energy_consumed": 1650.0}, {"step": 17, "uav_position": [473.32680716990245, 402.37472177377646], "uav_energy": 8200.0, "servicing_user": null, "serviced_tasks": 0, "data_processed": 0.0, "energy_consumed": 1800.0}, {"step": 18, "uav_position": [470.2591471115422, 392.8568721339502], "uav_energy": 8050.0, "servicing_user": null, "serviced_tasks": 0, "data_processed": 0.0, "energy_consumed": 1950.0}, {"step": 19, "uav_position": [467.1914870531819, 383.3390224941239], "uav_energy": 7900.0, "servicing_user": null, "serviced_tasks": 0, "data_processed": 0.0, "energy_consumed": 2100.0}, {"step": 20, "uav_position": [464.1238269948216, 373.8211728542977], "uav_energy": 7750.0, "servicing_user": null, "serviced_tasks": 0, "data_processed": 0.0, "energy_consumed": 2250.0}, {"step": 21, "uav_position": [461.05616693646135, 364.30332321447145], "uav_energy": 7600.0, "servicing_user": null, "serviced_tasks": 0, "data_processed": 0.0, "energy_consumed": 2400.0}, {"step": 22, "uav_position": [457.9885068781011, 354.7854735746452], "uav_energy": 7450.0, "servicing_user": null, "serviced_tasks": 0, "data_processed": 0.0, "energy_consumed": 2550.0}, {"step": 23, "uav_position": [454.92084681974075, 345.26762393481897], "uav_energy": 7300.0, "servicing_user": null, "serviced_tasks": 0, "data_processed": 0.0, "energy_consumed": 2700.0}, {"step": 24, "uav_position": [451.85318676138047, 335.7497742949927], "uav_energy": 7150.0, "servicing_user": null, "serviced_tasks": 0, "data_processed": 0.0, "energy_consumed": 2850.0}, {"step": 25, "uav_position": [451.85318676138047, 335.7497742949927], "uav_energy": 7150.0, "servicing_user": 4, "serviced_tasks": 0, "data_processed": 8.0, "energy_consumed": 2850.0}, {"step": 26, "uav_position": [451.85318676138047, 335.7497742949927], "uav_energy": 7150.0, "servicing_user": null,