{"serviced_tasks": 1, "data_processed": 11.387311343329536, "energy_consumed": 10050.0, "total_distance": 670.0, "remaining_energy": 0.0, "algorithm": "A*", "trajectory": [[500, 500], [500, 500], [500, 500], [500, 500], [507.0710678118655, 507.0710678118655], [497.14812129324434, 505.8320632159963], [487.2251747746232, 504.5930586201271], [477.3022282560021, 503.35405402425795], [467.37928173738095, 502.1150494283888], [457.4563352187598, 500.8760448325196], [447.5333887001387, 499.6370402366504], [437.61044218151756, 498.39803564078125], [427.6874956628964, 497.15903104491207], [417.7645491442753, 495.9200264490429], [407.84160262565416, 494.6810218531737], [397.91865610703303, 493.44201725730454], [387.9957095884119, 492.20301266143537], [378.07276306979077, 490.9640080655662], [368.14981655116964, 489.725003469697], [358.2268700325485, 488.48599887382784], [348.3039235139274, 487.24699427795866], [338.38097699530624, 486.0079896820895], [328.4580304766851, 484.7689850862203], [318.535083958064, 483.52998049035114], [308.61213743944285, 482.2909758944819], [298.6891909208217, 481.0519712986127], [288.7662444022006, 479.8129667027435], [278.84329788357945, 478.5739621068743], [268.9203513649583, 477.3349575110051], [258.9974048463372, 476.0959529151359], [249.07445832771606, 474.8569483192667], [239.15151180909493, 473.6179437233975], [229.2285652904738, 472.37893912752827], [219.30561877185266, 471.1399345316591], [209.38267225323153, 469.90092993578986], [199.4597257346104, 468.6619253399207], [189.53677921598927, 467.42292074405145], [179.61383269736814, 466.1839161481823], [169.690886178747, 464.94491155231304], [159.76793966012588, 463.70590695644387], [149.84499314150474, 462.46690236057464], [139.9220466228836, 461.22789776470546], [129.99910010426248, 459.9888931688362], [120.07615358564136, 458.74988857296705], [110.15320706702025, 457.5108839770978], [100.23026054839913, 456.27187938122864], [90.30731402977801, 455.0328747853594], [80.3843675111569, 453.79387018949024], [70.46142099253578, 452.554865593621], [60.53847447391466, 451.3158609977518], [50.615527955293544, 450.0768564018826], [50.615527955293544, 450.0768564018826], [50.615527955293544, 450.0768564018826], [50.615527955293544, 450.0768564018826], [48.624639696870716, 459.8766708869876], [46.63375143844789, 469.6764853720926], [44.64286318002506, 479.4762998571976], [42.65197492160223, 489.2761143423026], [40.661086663179404, 499.0759288274076], [38.670198404756576, 508.8757433125126], [36.67931014633375, 518.6755577976177], [34.68842188791092, 528.4753722827227], [32.69753362948809, 538.2751867678277], [30.70664537106526, 548.0750012529327], [28.71575711264243, 557.8748157380377], [26.724868854219597, 567.6746302231427], [24.733980595796766, 577.4744447082477], [22.743092337373938, 587.2742591933527], [20.75220407895111, 597.0740736784577], [18.76131582052828, 606.8738881635627], [16.770427562105453, 616.6737026486677], [14.779539303682625, 626.4735171337727], [12.788651045259797, 636.2733316188777], [10.797762786836973, 646.0731461039827]], "energy_log": [10000.0, 10000.0, 10000.0, 10000.0, 9850.0, 9700.0, 9550.0, 9400.0, 9250.0, 9100.0, 8950.0, 8800.0, 8650.0, 8500.0, 8350.0, 8200.0, 8050.0, 7900.0, 7750.0, 7600.0, 7450.0, 7300.0, 7150.0, 7000.0, 6850.0, 6700.0, 6550.0, 6400.0, 6250.0, 6100.0, 5950.0, 5800.0, 5650.0, 5500.0, 5350.0, 5200.0, 5050.0, 4900.0, 4750.0, 4600.0, 4450.0, 4300.0, 4150.0, 4000.0, 3850.0, 3700.0, 3550.0, 3400.0, 3250.0, 3100.0, 2950.0, 2950.0, 2950.0, 2950.0, 2800.0, 2650.0, 2500.0, 2350.0, 2200.0, 2050.0, 1900.0, 1750.0, 1600.0, 1450.0, 1300.0, 1150.0, 1000.0, 850.0, 700.0, 550.0, 400.0, 250.0, 100.0, 0.0], "stats_log": [{"step": 0, "uav_position": [500, 500], "uav_energy": 10000.0, "servicing_user": null, "serviced_tasks": 0, "data_processed": 0.0, "energy_consumed": 0.0}, {"step": 1, "uav_position": [500, 500], "uav_energy": 10000.0, "servicing_user": null, "serviced_tasks": 0, "data_processed": 0.0, "energy_consumed": 0.0}, {"step": 2, "uav_position": [500, 500], "uav_energy": 10000.0, "servicing_user": null, "serviced_tasks": 0, "data_processed": 0.0, "energy_consumed": 0.0}, {"step": 3, "uav_position": [500, 500], "uav_energy": 10000.0, "servicing_user": null, "serviced_tasks": 0, "data_processed": 0.0, "energy_consumed": 0.0}, {"step": 4, "uav_position": [507.0710678118655, 507.0710678118655], "uav_energy": 9850.0, "servicing_user": null, "serviced_tasks": 0, "data_processed": 0.0, "energy_consumed": 150.0}, {"step": 5, "uav_position": [497.14812129324434, 505.8320632159963], "uav_energy": 9700.0, "servicing_user": null, "serviced_tasks": 0, "data_processed": 0.0, "energy_consumed": 300.0}, {"step": 6, "uav_position": [487.2251747746232, 504.5930586201271], "uav_energy": 9550.0, "servicing_user": null, "serviced_tasks": 0, "data_processed": 0.0, "energy_consumed": 450.0}, {"step": 7, "uav_position": [477.3022282560021, 503.35405402425795], "uav_energy": 9400.0, "servicing_user": null, "serviced_tasks": 0, "data_processed": 0.0, "energy_consumed": 600.0}, {"step": 8, "uav_position": [467.37928173738095, 502.1150494283888], "uav_energy": 9250.0, "servicing_user": null, "serviced_tasks": 0, "data_processed": 0.0, "energy_consumed": 750.0}, {"step": 9, "uav_position": [457.4563352187598, 500.8760448325196], "uav_energy": 9100.0, "servicing_user": null, "serviced_tasks": 0, "data_processed": 0.0, "energy_consumed": 900.0}, {"step": 10, "uav_position": [447.5333887001387, 499.6370402366504], "uav_energy": 8950.0, "servicing_user": null, "serviced_tasks": 0, "data_processed": 0.0, "energy_consumed": 1050.0}, {"step": 11, "uav_position": [437.61044218151756, 498.39803564078125], "uav_energy": 8800.0, "servicing_user": null, "serviced_tasks": 0, "data_processed": 0.0, "energy_consumed": 1200.0}, {"step": 12, "uav_position": [427.6874956628964, 497.15903104491207], "uav_energy": 8650.0, "servicing_user": null, "serviced_tasks": 0, "data_processed": 0.0, "energy_consumed": 1350.0}, {"step": 13, "uav_position": [417.7645491442753, 495.9200264490429], "uav_energy": 8500.0, "servicing_user": null, "serviced_tasks": 0, "data_processed": 0.0, "energy_consumed": 1500.0}, {"step": 14, "uav_position": [407.84160262565416, 494.6810218531737], "uav_energy": 8350.0, "servicing_user": null, "serviced_tasks": 0, "data_processed": 0.0, "energy_consumed": 1650.0}, {"step": 15, "uav_position": [397.91865610703303, 493.44201725730454], "uav_energy": 8200.0, "servicing_user": null, "serviced_tasks": 0, "data_processed": 0.0, "energy_consumed": 1800.0}, {"step": 16, "uav_position": [387.9957095884119, 492.20301266143537], "uav_energy": 8050.0, "servicing_user": null, "serviced_tasks": 0, "data_processed": 0.0, "energy_consumed": 1950.0}, {"step": 17, "uav_position": [378.07276306979077, 490.9640080655662], "uav_energy": 7900.0, "servicing_user": null, "serviced_tasks": 0, "data_processed": 0.0, "energy_consumed": 2100.0}, {"step": 18, "uav_position": [368.14981655116964, 489.725003469697], "uav_energy": 7750.0, "servicing_user": null, "serviced_tasks": 0, "data_processed": 0.0, "energy_consumed": 2250.0}, {"step": 19, "uav_position": [358.2268700325485, 488.48599887382784], "uav_energy": 7600.0, "servicing_user": null, "serviced_tasks": 0, "data_processed": 0.0, "energy_consumed": 2400.0}, {"step": 20, "uav_position": [348.3039235139274, 487.24699427795866], "uav_energy": 7450.0, "servicing_user": null, "serviced_tasks": 0, "data_processed": 0.0, "energy_consumed": 2550.0}, {"step": 21, "uav_position": [338.38097699530624, 486.0079896820895], "uav_energy": 7300.0, "servicing_user": null, "serviced_tasks": 0, "data_processed": 0.0, "energy_consumed": 2700.0}, {"step": 22, "uav_position": [328.4580304766851, 484.7689850862203], "uav_energy": 7150.0, "servicing_user": null, "serviced_tasks": 0, "data_processed": 0.0, "energy_consumed": 2850.0}, {"step": 23, "uav_position": [318.535083958064, 483.52998049035114], "uav_energy": 7000.0, "servicing_user": null,