{"serviced_tasks": 3, "data_processed": 44.09306048558723, "energy_consumed": 10050.0, "total_distance": 670.0, "remaining_energy": 0.0, "energy_efficiency": 0.004387369202545993, "task_completion_rate": 0.15, "avg_service_latency": 0.6666666666666666, "performance_score": 0.22675494768101842, "algorithm": "A*", "trajectory": [[508.04176141466326, 494.05608938916197], [516.0835228293265, 488.11217877832394], [524.1252842439898, 482.1682681674859], [532.167045658653, 476.2243575566479], [540.2088070733163, 470.2804469458098], [548.2505684879795, 464.3365363349717], [556.2923299026428, 458.39262572413367], [564.334091317306, 452.44871511329563], [572.3758527319693, 446.50480450245755], [580.4176141466326, 440.56089389161946], [588.4593755612958, 434.6169832807814], [596.5011369759591, 428.6730726699434], [604.5428983906223, 422.7291620591053], [612.5846598052856, 416.7852514482672], [620.6264212199488, 410.84134083742913], [628.6681826346121, 404.8974302265911], [636.7099440492754, 398.95351961575307], [644.7517054639386, 393.009609004915], [652.7934668786019, 387.0656983940769], [660.8352282932651, 381.12178778323886], [668.8769897079284, 375.1778771724008], [676.9187511225916, 369.23396656156274], [684.9605125372549, 363.29005595072465], [693.0022739519181, 357.3461453398866], [701.0440353665814, 351.40223472904853], [709.0857967812447, 345.4583241182105], [717.1275581959079, 339.5144135073724], [725.1693196105712, 333.5705028965344], [725.1693196105712, 333.5705028965344], [715.17139632794, 333.36671370491496], [705.1734730453088, 333.16292451329554], [695.1755497626776, 332.9591353216761], [685.1776264800465, 332.7553461300567], [675.1797031974153, 332.5515569384373], [665.1817799147841, 332.34776774681785], [655.1838566321529, 332.14397855519843], [645.1859333495217, 331.940189363579], [635.1880100668906, 331.7364001719596], [625.1900867842594, 331.53261098034017], [615.1921635016282, 331.32882178872075], [605.194240218997, 331.1250325971013], [595.1963169363659, 330.9212434054819], [585.1983936537347, 330.7174542138625], [575.2004703711035, 330.51366502224306], [565.2025470884723, 330.3098758306236], [555.2046238058412, 330.10608663900416], [555.2046238058412, 330.10608663900416], [555.2046238058412, 330.10608663900416], [555.2046238058412, 330.10608663900416], [565.2046137471557, 330.0919030707553], [575.2046036884702, 330.0777195025064], [585.2045936297848, 330.0635359342575], [595.2045835710993, 330.04935236600863], [605.2045735124138, 330.0351687977598], [615.2045634537284, 330.0209852295109], [625.2045533950429, 330.0068016612621], [625.2045533950429, 330.0068016612621], [625.2045533950429, 330.0068016612621], [625.2045533950429, 330.0068016612621], [615.2045534359419, 330.00589723979726], [605.2045534768408, 330.0049928183324], [595.2045535177398, 330.0040883968676], [585.2045535586387, 330.00318397540275], [575.2045535995377, 330.00227955393797], [565.2045536404366, 330.00137513247313], [555.2045536813356, 330.00047071100835], [555.2045536813356, 330.00047071100835], [545.2045536814356, 330.00042596855263], [535.2045536815357, 330.0003812260969], [525.2045536816357, 330.0003364836412], [515.2045536817358, 330.0002917411855], [505.2045536818359, 330.0002469987298], [495.204553681936, 330.00020225627406], [485.2045536820361, 330.00015751381835], [475.2045536821362, 330.00011277136264]], "energy_log": [9850.0, 9700.0, 9550.0, 9400.0, 9250.0, 9100.0, 8950.0, 8800.0, 8650.0, 8500.0, 8350.0, 8200.0, 8050.0, 7900.0, 7750.0, 7600.0, 7450.0, 7300.0, 7150.0, 7000.0, 6850.0, 6700.0, 6550.0, 6400.0, 6250.0, 6100.0, 5950.0, 5800.0, 5800.0, 5650.0, 5500.0, 5350.0, 5200.0, 5050.0, 4900.0, 4750.0, 4600.0, 4450.0, 4300.0, 4150.0, 4000.0, 3850.0, 3700.0, 3550.0, 3400.0, 3250.0, 3250.0, 3250.0, 3250.0, 3100.0, 2950.0, 2800.0, 2650.0, 2500.0, 2350.0, 2200.0, 2200.0, 2200.0, 2200.0, 2050.0, 1900.0, 1750.0, 1600.0, 1450.0, 1300.0, 1150.0, 1150.0, 1000.0, 850.0, 700.0, 550.0, 400.0, 250.0, 100.0, 0.0], "stats_log": [{"step": 0, "uav_position": [508.04176141466326, 494.05608938916197], "uav_energy": 9850.0, "servicing_user": null, "serviced_tasks": 0, "data_processed": 0.0, "energy_consumed": 150.0}, {"step": 1, "uav_position": [516.0835228293265, 488.11217877832394], "uav_energy": 9700.0, "servicing_user": null, "serviced_tasks": 0, "data_processed": 0.0, "energy_consumed": 300.0}, {"step": 2, "uav_position": [524.1252842439898, 482.1682681674859], "uav_energy": 9550.0, "servicing_user": null, "serviced_tasks": 0, "data_processed": 0.0, "energy_consumed": 450.0}, {"step": 3, "uav_position": [532.167045658653, 476.2243575566479], "uav_energy": 9400.0, "servicing_user": null, "serviced_tasks": 0, "data_processed": 0.0, "energy_consumed": 600.0}, {"step": 4, "uav_position": [540.2088070733163, 470.2804469458098], "uav_energy": 9250.0, "servicing_user": null, "serviced_tasks": 0, "data_processed": 0.0, "energy_consumed": 750.0}, {"step": 5, "uav_position": [548.2505684879795, 464.3365363349717], "uav_energy": 9100.0, "servicing_user": null, "serviced_tasks": 0, "data_processed": 0.0, "energy_consumed": 900.0}, {"step": 6, "uav_position": [556.2923299026428, 458.39262572413367], "uav_energy": 8950.0, "servicing_user": null, "serviced_tasks": 0, "data_processed": 0.0, "energy_consumed": 1050.0}, {"step": 7, "uav_position": [564.334091317306, 452.44871511329563], "uav_energy": 8800.0, "servicing_user": null, "serviced_tasks": 0, "data_processed": 0.0, "energy_consumed": 1200.0}, {"step": 8, "uav_position": [572.3758527319693, 446.50480450245755], "uav_energy": 8650.0, "servicing_user": null, "serviced_tasks": 0, "data_processed": 0.0, "energy_consumed": 1350.0}, {"step": 9, "uav_position": [580.4176141466326, 440.56089389161946], "uav_energy": 8500.0, "servicing_user": null, "serviced_tasks": 0, "data_processed": 0.0, "energy_consumed": 1500.0}, {"step": 10, "uav_position": [588.4593755612958, 434.6169832807814], "uav_energy": 8350.0, "servicing_user": null, "serviced_tasks": 0, "data_processed": 0.0, "energy_consumed": 1650.0}, {"step": 11, "uav_position": [596.5011369759591, 428.6730726699434], "uav_energy": 8200.0, "servicing_user": null, "serviced_tasks": 0, "data_processed": 0.0, "energy_consumed": 1800.0}, {"step": 12, "uav_position": [604.5428983906223, 422.7291620591053], "uav_energy": 8050.0, "servicing_user": null, "serviced_tasks": 0, "data_processed": 0.0, "energy_consumed": 1950.0}, {"step": 13, "uav_position": [612.5846598052856, 416.7852514482672], "uav_energy": 7900.0, "servicing_user": null, "serviced_tasks": 0, "data_processed": 0.0, "energy_consumed": 2100.0}, {"step": 14, "uav_position": [620.6264212199488, 410.84134083742913], "uav_energy": 7750.0, "servicing_user": null, "serviced_tasks": 0, "data_processed": 0.0, "energy_consumed": 2250.0}, {"step": 15, "uav_position": [628.6681826346121, 404.8974302265911], "uav_energy": 7600.0, "servicing_user": null, "serviced_tasks": 0, "data_processed": 0.0, "energy_consumed": 2400.0}, {"step": 16, "uav_position": [636.7099440492754, 398.95351961575307], "uav_energy": 7450.0, "servicing_user": null, "serviced_tasks": 0, "data_processed": 0.0, "energy_consumed": 2550.0}, {"step": 17, "uav_position": [644.7517054639386, 393.009609004915], "uav_energy": 7300.0, "servicing_user": null, "serviced_tasks": 0, "data_processed": 0.0, "energy_consumed": 2700.0}, {"step": 18, "uav_position": [652.7934668786019, 387.0656983940769], "uav_energy": 7150.0, "servicing_user": null, "serviced_tasks": 0, "data_processed": 0.0, "energy_consumed": 2850.0}, {"step": 19, "uav_position": [660.8352282932651, 381.12178778323886], "uav_energy": 7000.0, "servicing_user": null, "serviced_tasks": 0, "data_processed": 0.0, "energy_consumed": 3000.0}, {"step": 20, "uav_position": [668.8769897079284, 375.1778771724008], "uav_energy": 6850.0, "servicing_user": null, "serviced_tasks": 0, "data_processed": 0.0, "energy_consumed": 3150.0}, {"step": 21, "uav_position": [676.9187511225916, 369.23396656156274], "uav_energy": 6700.0,