{"serviced_tasks": 1, "data_processed": 31.16268683743651, "energy_consumed": 10050.0, "total_distance": 670.0, "remaining_energy": 0.0, "algorithm": "A*", "trajectory": [[500, 500], [507.0710678118655, 507.0710678118655], [504.34059462592535, 516.6910738503699], [501.6101214399852, 526.3110798888744], [498.8796482540451, 535.9310859273788], [496.14917506810497, 545.5510919658833], [493.41870188216484, 555.1710980043878], [490.6882286962247, 564.7911040428922], [487.9577555102846, 574.4111100813967], [485.22728232434446, 584.0311161199012], [482.49680913840433, 593.6511221584057], [479.7663359524642, 603.2711281969101], [477.0358627665241, 612.8911342354146], [474.30538958058395, 622.5111402739191], [471.5749163946438, 632.1311463124235], [468.8444432087037, 641.751152350928], [466.11397002276357, 651.3711583894325], [463.38349683682344, 660.991164427937], [460.6530236508833, 670.6111704664414], [457.9225504649432, 680.2311765049459], [455.19207727900306, 689.8511825434504], [452.46160409306293, 699.4711885819548], [449.7311309071228, 709.0911946204593], [447.0006577211827, 718.7112006589638], [444.27018453524255, 728.3312066974682], [441.5397113493024, 737.9512127359727], [438.8092381633623, 747.5712187744772], [436.07876497742217, 757.1912248129817], [433.34829179148204, 766.8112308514861], [430.6178186055419, 776.4312368899906], [427.8873454196018, 786.0512429284951], [425.15687223366166, 795.6712489669995], [422.42639904772153, 805.291255005504], [419.6959258617814, 814.9112610440085], [416.9654526758413, 824.531267082513], [414.23497948990115, 834.1512731210174], [411.504506303961, 843.7712791595219], [408.7740331180209, 853.3912851980264], [406.04355993208077, 863.0112912365308], [403.31308674614064, 872.6312972750353], [400.5826135602005, 882.2513033135398], [397.8521403742604, 891.8713093520442], [395.12166718832026, 901.4913153905487], [392.39119400238013, 911.1113214290532], [389.66072081644, 920.7313274675577], [386.9302476304999, 930.3513335060621], [384.19977444455975, 939.9713395445666], [381.46930125861957, 949.5913455830711], [378.7388280726794, 959.2113516215755], [376.00835488673926, 968.83135766008], [373.27788170079907, 978.4513636985845], [370.5474085148589, 988.071369737089], [370.5474085148589, 988.071369737089], [370.5474085148589, 988.071369737089], [370.5474085148589, 988.071369737089], [370.5474085148589, 988.071369737089], [370.5474085148589, 988.071369737089], [370.5474085148589, 988.071369737089], [370.5474085148589, 988.071369737089], [377.64300236104856, 981.0249133248265], [384.73859620723823, 973.978456912564], [391.8341900534279, 966.9320005003015], [398.9297838996176, 959.885544088039], [406.02537774580725, 952.8390876757765], [413.1209715919969, 945.792631263514], [420.2165654381866, 938.7461748512515], [427.31215928437626, 931.699718438989], [434.40775313056594, 924.6532620267265], [441.5033469767556, 917.606805614464], [448.5989408229453, 910.5603492022015], [455.69453466913495, 903.513892789939], [462.7901285153246, 896.4674363776764], [469.8857223615143, 889.420979965414], [476.98131620770397, 882.3745235531514], [484.07691005389364, 875.328067140889]], "energy_log": [10000.0, 9850.0, 9700.0, 9550.0, 9400.0, 9250.0, 9100.0, 8950.0, 8800.0, 8650.0, 8500.0, 8350.0, 8200.0, 8050.0, 7900.0, 7750.0, 7600.0, 7450.0, 7300.0, 7150.0, 7000.0, 6850.0, 6700.0, 6550.0, 6400.0, 6250.0, 6100.0, 5950.0, 5800.0, 5650.0, 5500.0, 5350.0, 5200.0, 5050.0, 4900.0, 4750.0, 4600.0, 4450.0, 4300.0, 4150.0, 4000.0, 3850.0, 3700.0, 3550.0, 3400.0, 3250.0, 3100.0, 2950.0, 2800.0, 2650.0, 2500.0, 2350.0, 2350.0, 2350.0, 2350.0, 2350.0, 2350.0, 2350.0, 2350.0, 2200.0, 2050.0, 1900.0, 1750.0, 1600.0, 1450.0, 1300.0, 1150.0, 1000.0, 850.0, 700.0, 550.0, 400.0, 250.0, 100.0, 0.0], "stats_log": [{"step": 0, "uav_position": [500, 500], "uav_energy": 10000.0, "servicing_user": null, "serviced_tasks": 0, "data_processed": 0.0, "energy_consumed": 0.0}, {"step": 1, "uav_position": [507.0710678118655, 507.0710678118655], "uav_energy": 9850.0, "servicing_user": null, "serviced_tasks": 0, "data_processed": 0.0, "energy_consumed": 150.0}, {"step": 2, "uav_position": [504.34059462592535, 516.6910738503699], "uav_energy": 9700.0, "servicing_user": null, "serviced_tasks": 0, "data_processed": 0.0, "energy_consumed": 300.0}, {"step": 3, "uav_position": [501.6101214399852, 526.3110798888744], "uav_energy": 9550.0, "servicing_user": null, "serviced_tasks": 0, "data_processed": 0.0, "energy_consumed": 450.0}, {"step": 4, "uav_position": [498.8796482540451, 535.9310859273788], "uav_energy": 9400.0, "servicing_user": null, "serviced_tasks": 0, "data_processed": 0.0, "energy_consumed": 600.0}, {"step": 5, "uav_position": [496.14917506810497, 545.5510919658833], "uav_energy": 9250.0, "servicing_user": null, "serviced_tasks": 0, "data_processed": 0.0, "energy_consumed": 750.0}, {"step": 6, "uav_position": [493.41870188216484, 555.1710980043878], "uav_energy": 9100.0, "servicing_user": null, "serviced_tasks": 0, "data_processed": 0.0, "energy_consumed": 900.0}, {"step": 7, "uav_position": [490.6882286962247, 564.7911040428922], "uav_energy": 8950.0, "servicing_user": null, "serviced_tasks": 0, "data_processed": 0.0, "energy_consumed": 1050.0}, {"step": 8, "uav_position": [487.9577555102846, 574.4111100813967], "uav_energy": 8800.0, "servicing_user": null, "serviced_tasks": 0, "data_processed": 0.0, "energy_consumed": 1200.0}, {"step": 9, "uav_position": [485.22728232434446, 584.0311161199012], "uav_energy": 8650.0, "servicing_user": null, "serviced_tasks": 0, "data_processed": 0.0, "energy_consumed": 1350.0}, {"step": 10, "uav_position": [482.49680913840433, 593.6511221584057], "uav_energy": 8500.0, "servicing_user": null, "serviced_tasks": 0, "data_processed": 0.0, "energy_consumed": 1500.0}, {"step": 11, "uav_position": [479.7663359524642, 603.2711281969101], "uav_energy": 8350.0, "servicing_user": null, "serviced_tasks": 0, "data_processed": 0.0, "energy_consumed": 1650.0}, {"step": 12, "uav_position": [477.0358627665241, 612.8911342354146], "uav_energy": 8200.0, "servicing_user": null, "serviced_tasks": 0, "data_processed": 0.0, "energy_consumed": 1800.0}, {"step": 13, "uav_position": [474.30538958058395, 622.5111402739191], "uav_energy": 8050.0, "servicing_user": null, "serviced_tasks": 0, "data_processed": 0.0, "energy_consumed": 1950.0}, {"step": 14, "uav_position": [471.5749163946438, 632.1311463124235], "uav_energy": 7900.0, "servicing_user": null, "serviced_tasks": 0, "data_processed": 0.0, "energy_consumed": 2100.0}, {"step": 15, "uav_position": [468.8444432087037, 641.751152350928], "uav_energy": 7750.0, "servicing_user": null, "serviced_tasks": 0, "data_processed": 0.0, "energy_consumed": 2250.0}, {"step": 16, "uav_position": [466.11397002276357, 651.3711583894325], "uav_energy": 7600.0, "servicing_user": null, "serviced_tasks": 0, "data_processed": 0.0, "energy_consumed": 2400.0}, {"step": 17, "uav_position": [463.38349683682344, 660.991164427937], "uav_energy": 7450.0, "servicing_user": null, "serviced_tasks": 0, "data_processed": 0.0, "energy_consumed": 2550.0}, {"step": 18, "uav_position": [460.6530236508833, 670.6111704664414], "uav_energy": 7300.0, "servicing_user": null, "serviced_tasks": 0, "data_processed": 0.0, "energy_consumed": 2700.0}, {"step": 19, "uav_position": [457.9225504649432, 680.2311765049459], "uav_energy": 7150.0, "servicing_user": null, "serviced_tasks": 0, "data_processed": 0.0, "energy_consumed": 2850.0}, {"step": 20, "uav_position": [455.19207727900306, 689.8511825434504], "uav_energy": 7000.0, "servicing_user": null, "serviced_tasks": 0, "data_processed": 0.0, "energy_consumed": 3000.0}, {"step": 21, "uav_position": [452.46160409306293, 699.4711885819548], "uav_energy": 6850.0, "servicing_user": null, "serviced_tasks": 0, "data_processed": 0.0, "energy_consumed": 3150.0}, {"step": 22, "uav_position": [449.7311309071228, 709.0911946204593], "uav_energy": 6700.0, "servicing_user": null, "serviced_tasks": 0,