{"serviced_tasks": 1, "data_processed": 12.741858620722546, "energy_consumed": 10050.0, "total_distance": 662.5333037812595, "remaining_energy": 0.0, "algorithm": "RRT", "trajectory": [[500, 500], [500, 500], [500, 500], [500, 500], [490.4169539301411, 497.1425136880534], [480.4602589549322, 498.07215080577714], [472.1719743180771, 492.477122854241], [463.883689681222, 486.8820949027048], [456.18401950423134, 480.5012580323907], [448.4843493272407, 474.1204211620766], [444.26665183504235, 465.0533914464363], [441.19045053551736, 455.53829893165744], [438.1142492359923, 446.02320641687857], [434.99713203967025, 436.521439192599], [431.8800148433482, 427.01967196831947], [432.2523140298917, 417.0266047056769], [432.62461321643525, 407.03353744303433], [428.42456689312553, 397.95831783786485], [424.22452056981587, 388.8830982326954], [420.58417692319506, 379.56924306233185], [416.9438332765742, 370.2553878919683], [413.53054111268636, 360.85594979153154], [410.1172489487986, 351.45651169109476], [403.882274901215, 343.63825749812054], [397.6473008536314, 335.8200033051463], [393.4683451207868, 326.73505261827273], [389.2893893879422, 317.65010193139915], [385.9639393095748, 308.219228070707], [382.63848923120736, 298.78835421001486], [373.96368522700647, 293.81364060130323], [366.02133487501993, 287.7375340447739], [358.0789845230334, 281.6614274882445], [348.39227614319765, 279.1779459070727], [338.7055677633619, 276.69446432590087], [331.63030071939676, 269.6275982413779], [324.5550336754317, 262.5607321568549], [322.25650226042853, 252.82847890623282], [316.16934303394095, 244.8945963414738], [310.08218380745336, 236.96071377671478], [308.48516504630425, 227.0890608717278], [306.88814628515513, 217.21740796674084], [307.61165754310645, 207.24361573611873], [308.3351688010578, 197.26982350549665], [309.9431062823059, 187.39994320954585], [311.551043763554, 177.53006291359506], [313.48215433911133, 167.7182938608212], [315.41326491466873, 157.90652480804738], [312.24904987230286, 148.42033784142768], [316.40619012855126, 139.32538402681823], [319.3401320155002, 129.76546849350905], [322.2740739024492, 120.20555296019987], [322.2740739024492, 120.20555296019987], [325.20801578939813, 110.64563742689069], [325.9512723970185, 108.22382040998535], [325.9512723970185, 108.22382040998535], [325.9512723970185, 108.22382040998535], [325.9512723970185, 108.22382040998535], [327.9869372587138, 118.01443165601383], [326.76397220208133, 127.93936775002753], [330.6563134213587, 137.15075634419262], [334.548654640636, 146.36214493835772], [344.17948288250585, 149.054197570756], [352.39754901972464, 154.7518627912036], [360.6156151569434, 160.4495280116512], [367.62051194338136, 167.58615333538452], [374.6254087298193, 174.72277865911784], [379.19128839894796, 183.6195613836221], [383.7571680680766, 192.5163441081264], [387.29666115829974, 201.8689901863367], [390.83615424852286, 211.22163626454702], [395.7296732770537, 219.94250041424038], [400.6231923055845, 228.66336456393375], [399.3559626862858, 238.58274605130342], [398.39466925409744, 248.53643456045577], [397.43337582190907, 258.4901230696081]], "energy_log": [10000.0, 10000.0, 10000.0, 10000.0, 9850.0, 9700.0, 9550.0, 9400.0, 9250.0, 9100.0, 8950.0, 8800.0, 8650.0, 8500.0, 8350.0, 8200.0, 8050.0, 7900.0, 7750.0, 7600.0, 7450.0, 7300.0, 7150.0, 7000.0, 6850.0, 6700.0, 6550.0, 6400.0, 6250.0, 6100.0, 5950.0, 5800.0, 5650.0, 5500.0, 5350.0, 5200.0, 5050.0, 4900.0, 4750.0, 4600.0, 4450.0, 4300.0, 4150.0, 4000.0, 3850.0, 3700.0, 3550.0, 3400.0, 3250.0, 3100.0, 2950.0, 2950.0, 2800.0, 2650.0, 2650.0, 2650.0, 2650.0, 2500.0, 2350.0, 2200.0, 2050.0, 1900.0, 1750.0, 1600.0, 1450.0, 1300.0, 1150.0, 1000.0, 850.0, 700.0, 550.0, 400.0, 250.0, 100.0, 0.0], "stats_log": [{"step": 0, "uav_position": [500, 500], "uav_energy": 10000.0, "servicing_user": null, "serviced_tasks": 0, "data_processed": 0.0, "energy_consumed": 0.0}, {"step": 1, "uav_position": [500, 500], "uav_energy": 10000.0, "servicing_user": null, "serviced_tasks": 0, "data_processed": 0.0, "energy_consumed": 0.0}, {"step": 2, "uav_position": [500, 500], "uav_energy": 10000.0, "servicing_user": null, "serviced_tasks": 0, "data_processed": 0.0, "energy_consumed": 0.0}, {"step": 3, "uav_position": [500, 500], "uav_energy": 10000.0, "servicing_user": null, "serviced_tasks": 0, "data_processed": 0.0, "energy_consumed": 0.0}, {"step": 4, "uav_position": [490.4169539301411, 497.1425136880534], "uav_energy": 9850.0, "servicing_user": null, "serviced_tasks": 0, "data_processed": 0.0, "energy_consumed": 150.0}, {"step": 5, "uav_position": [480.4602589549322, 498.07215080577714], "uav_energy": 9700.0, "servicing_user": null, "serviced_tasks": 0, "data_processed": 0.0, "energy_consumed": 300.0}, {"step": 6, "uav_position": [472.1719743180771, 492.477122854241], "uav_energy": 9550.0, "servicing_user": null, "serviced_tasks": 0, "data_processed": 0.0, "energy_consumed": 450.0}, {"step": 7, "uav_position": [463.883689681222, 486.8820949027048], "uav_energy": 9400.0, "servicing_user": null, "serviced_tasks": 0, "data_processed": 0.0, "energy_consumed": 600.0}, {"step": 8, "uav_position": [456.18401950423134, 480.5012580323907], "uav_energy": 9250.0, "servicing_user": null, "serviced_tasks": 0, "data_processed": 0.0, "energy_consumed": 750.0}, {"step": 9, "uav_position": [448.4843493272407, 474.1204211620766], "uav_energy": 9100.0, "servicing_user": null, "serviced_tasks": 0, "data_processed": 0.0, "energy_consumed": 900.0}, {"step": 10, "uav_position": [444.26665183504235, 465.0533914464363], "uav_energy": 8950.0, "servicing_user": null, "serviced_tasks": 0, "data_processed": 0.0, "energy_consumed": 1050.0}, {"step": 11, "uav_position": [441.19045053551736, 455.53829893165744], "uav_energy": 8800.0, "servicing_user": null, "serviced_tasks": 0, "data_processed": 0.0, "energy_consumed": 1200.0}, {"step": 12, "uav_position": [438.1142492359923, 446.02320641687857], "uav_energy": 8650.0, "servicing_user": null, "serviced_tasks": 0, "data_processed": 0.0, "energy_consumed": 1350.0}, {"step": 13, "uav_position": [434.99713203967025, 436.521439192599], "uav_energy": 8500.0, "servicing_user": null, "serviced_tasks": 0, "data_processed": 0.0, "energy_consumed": 1500.0}, {"step": 14, "uav_position": [431.8800148433482, 427.01967196831947], "uav_energy": 8350.0, "servicing_user": null, "serviced_tasks": 0, "data_processed": 0.0, "energy_consumed": 1650.0}, {"step": 15, "uav_position": [432.2523140298917, 417.0266047056769], "uav_energy": 8200.0, "servicing_user": null, "serviced_tasks": 0, "data_processed": 0.0, "energy_consumed": 1800.0}, {"step": 16, "uav_position": [432.62461321643525, 407.03353744303433], "uav_energy": 8050.0, "servicing_user": null, "serviced_tasks": 0, "data_processed": 0.0, "energy_consumed": 1950.0}, {"step": 17, "uav_position": [428.42456689312553, 397.95831783786485], "uav_energy": 7900.0, "servicing_user": null, "serviced_tasks": 0, "data_processed": 0.0, "energy_consumed": 2100.0}, {"step": 18, "uav_position": [424.22452056981587, 388.8830982326954], "uav_energy": 7750.0, "servicing_user": null, "serviced_tasks": 0, "data_processed": 0.0, "energy_consumed": 2250.0}, {"step": 19, "uav_position": [420.58417692319506, 379.56924306233185], "uav_energy": 7600.0, "servicing_user": null, "serviced_tasks": 0, "data_processed": 0.0, "energy_consumed": 2400.0}, {"step": 20, "uav_position": [416.9438332765742, 370.2553878919683], "uav_energy": 7450.0, "servicing_user": null, "serviced_tasks": 0, "data_processed": 0.0, "energy_consumed": 2550.0}, {"step": 21, "uav_position": [413.53054111268636, 360.85594979153154], "uav_energy": 7300.0, "servicing_user": null, "serviced_tasks": 0, "data_processed": 0.0, "energy_consumed": 2700.0}, {"step": 22, "uav_position": [410.1172489487986, 351.45651169109476], "uav_energy": 7150.0, "servicing_user": null, "serviced_tasks": 0, "data_processed": 0.0, "energy_consumed": 2850.0}, {"step": 23,