{"serviced_tasks": 4, "data_processed": 57.77396705079255, "energy_consumed": 10100.0, "total_distance": 670.0, "remaining_energy": 0.0, "energy_efficiency": 0.005720194757504213, "task_completion_rate": 0.2, "avg_service_latency": 1.5, "performance_score": 0.18228807790300167, "algorithm": "RRT", "trajectory": [[500, 500], [491.93595004144294, 494.08636336372484], [483.8719000828859, 488.1727267274497], [475.8078501243288, 482.2590900911745], [467.74380016577175, 476.34545345489937], [459.6797502072147, 470.4318168186242], [451.6157002486576, 464.51818018234906], [443.55165029010055, 458.6045435460739], [435.4876003315435, 452.69090690979874], [427.4235503729864, 446.7772702735236], [419.35950041442936, 440.8636336372484], [411.2954504558723, 434.94999700097327], [403.23140049731524, 429.0363603646981], [395.16735053875817, 423.1227237284229], [387.1033005802011, 417.2090870921477], [379.03925062164404, 411.2954504558725], [370.975200663087, 405.3818138195973], [362.9111507045299, 399.46817718332215], [354.84710074597285, 393.55454054704694], [346.7830507874158, 387.6409039107717], [338.7190008288587, 381.7272672744965], [330.65495087030166, 375.8136306382213], [322.5909009117446, 369.89999400194614], [314.52685095318753, 363.9863573656709], [306.46280099463047, 358.0727207293957], [298.3987510360734, 352.15908409312055], [290.33470107751634, 346.24544745684534], [282.2706511189593, 340.3318108205701], [282.2706511189593, 340.3318108205701], [282.2706511189593, 340.3318108205701], [292.2338642627355, 339.47484883093176], [302.1970774065117, 338.6178868412934], [312.1602905502879, 337.76092485165503], [322.12350369406414, 336.9039628620166], [332.08671683784036, 336.04700087237825], [342.0499299816166, 335.1900388827398], [352.0131431253928, 334.3330768931014], [352.0131431253928, 334.3330768931014], [352.0131431253928, 334.3330768931014], [352.0131431253928, 334.3330768931014], [342.01331564664383, 334.27433682792037], [332.0134881678949, 334.2155967627393], [322.0136606891459, 334.1568566975583], [312.01383321039697, 334.09811663237724], [302.014005731648, 334.0393765671962], [292.01417825289906, 333.98063650201516], [282.0143507741501, 333.9218964368341], [272.01452329540115, 333.8631563716531], [262.0146958166522, 333.80441630647204], [252.01486833790324, 333.745676241291], [242.01504085915428, 333.68693617610995], [232.01521338040533, 333.6281961109289], [222.01538590165637, 333.56945604574787], [212.01555842290742, 333.51071598056683], [202.01573094415846, 333.45197591538573], [192.0159034654095, 333.3932358502047], [192.0159034654095, 333.3932358502047], [192.0159034654095, 333.3932358502047], [192.0159034654095, 333.3932358502047], [182.0159052204987, 333.38731117462214], [172.01590697558788, 333.3813864990396], [162.01590873067707, 333.37546182345704], [152.01591048576626, 333.36953714787455], [142.01591224085544, 333.363612472292], [132.01591399594463, 333.3576877967095], [122.01591575103382, 333.35176312112696], [112.015917506123, 333.3458384455445], [102.01591926121219, 333.3399137699619], [102.01591926121219, 333.3399137699619], [92.01592101630138, 333.33398909437943], [92.01592101630138, 333.33398909437943], [102.01592101627223, 333.3339649518282], [112.01592101624308, 333.33394080927695], [122.01592101621394, 333.33391666672566], [132.0159210161848, 333.3338925241744], [142.01592101615566, 333.3338683816231], [152.01592101612653, 333.3338442390719], [162.0159210160974, 333.3338200965206]], "energy_log": [10000.0, 9850.0, 9700.0, 9550.0, 9400.0, 9250.0, 9100.0, 8950.0, 8800.0, 8650.0, 8500.0, 8350.0, 8200.0, 8050.0, 7900.0, 7750.0, 7600.0, 7450.0, 7300.0, 7150.0, 7000.0, 6850.0, 6700.0, 6550.0, 6400.0, 6250.0, 6100.0, 5950.0, 5950.0, 5950.0, 5800.0, 5650.0, 5500.0, 5350.0, 5200.0, 5050.0, 4900.0, 4900.0, 4900.0, 4900.0, 4750.0, 4600.0, 4450.0, 4300.0, 4150.0, 4000.0, 3850.0, 3700.0, 3550.0, 3400.0, 3250.0, 3100.0, 2950.0, 2800.0, 2650.0, 2500.0, 2500.0, 2500.0, 2500.0, 2350.0, 2200.0, 2050.0, 1900.0, 1750.0, 1600.0, 1450.0, 1300.0, 1150.0, 1150.0, 950.0, 950.0, 800.0, 650.0, 500.0, 350.0, 200.0, 50.0, 0.0], "stats_log": [{"step": 0, "uav_position": [500, 500], "uav_energy": 10000.0, "servicing_user": null, "serviced_tasks": 0, "data_processed": 0.0, "energy_consumed": 0.0}, {"step": 1, "uav_position": [491.93595004144294, 494.08636336372484], "uav_energy": 9850.0, "servicing_user": null, "serviced_tasks": 0, "data_processed": 0.0, "energy_consumed": 150.0}, {"step": 2, "uav_position": [483.8719000828859, 488.1727267274497], "uav_energy": 9700.0, "servicing_user": null, "serviced_tasks": 0, "data_processed": 0.0, "energy_consumed": 300.0}, {"step": 3, "uav_position": [475.8078501243288, 482.2590900911745], "uav_energy": 9550.0, "servicing_user": null, "serviced_tasks": 0, "data_processed": 0.0, "energy_consumed": 450.0}, {"step": 4, "uav_position": [467.74380016577175, 476.34545345489937], "uav_energy": 9400.0, "servicing_user": null, "serviced_tasks": 0, "data_processed": 0.0, "energy_consumed": 600.0}, {"step": 5, "uav_position": [459.6797502072147, 470.4318168186242], "uav_energy": 9250.0, "servicing_user": null, "serviced_tasks": 0, "data_processed": 0.0, "energy_consumed": 750.0}, {"step": 6, "uav_position": [451.6157002486576, 464.51818018234906], "uav_energy": 9100.0, "servicing_user": null, "serviced_tasks": 0, "data_processed": 0.0, "energy_consumed": 900.0}, {"step": 7, "uav_position": [443.55165029010055, 458.6045435460739], "uav_energy": 8950.0, "servicing_user": null, "serviced_tasks": 0, "data_processed": 0.0, "energy_consumed": 1050.0}, {"step": 8, "uav_position": [435.4876003315435, 452.69090690979874], "uav_energy": 8800.0, "servicing_user": null, "serviced_tasks": 0, "data_processed": 0.0, "energy_consumed": 1200.0}, {"step": 9, "uav_position": [427.4235503729864, 446.7772702735236], "uav_energy": 8650.0, "servicing_user": null, "serviced_tasks": 0, "data_processed": 0.0, "energy_consumed": 1350.0}, {"step": 10, "uav_position": [419.35950041442936, 440.8636336372484], "uav_energy": 8500.0, "servicing_user": null, "serviced_tasks": 0, "data_processed": 0.0, "energy_consumed": 1500.0}, {"step": 11, "uav_position": [411.2954504558723, 434.94999700097327], "uav_energy": 8350.0, "servicing_user": null, "serviced_tasks": 0, "data_processed": 0.0, "energy_consumed": 1650.0}, {"step": 12, "uav_position": [403.23140049731524, 429.0363603646981], "uav_energy": 8200.0, "servicing_user": null, "serviced_tasks": 0, "data_processed": 0.0, "energy_consumed": 1800.0}, {"step": 13, "uav_position": [395.16735053875817, 423.1227237284229], "uav_energy": 8050.0, "servicing_user": null, "serviced_tasks": 0, "data_processed": 0.0, "energy_consumed": 1950.0}, {"step": 14, "uav_position": [387.1033005802011, 417.2090870921477], "uav_energy": 7900.0, "servicing_user": null, "serviced_tasks": 0, "data_processed": 0.0, "energy_consumed": 2100.0}, {"step": 15, "uav_position": [379.03925062164404, 411.2954504558725], "uav_energy": 7750.0, "servicing_user": null, "serviced_tasks": 0, "data_processed": 0.0, "energy_consumed": 2250.0}, {"step": 16, "uav_position": [370.975200663087, 405.3818138195973], "uav_energy": 7600.0, "servicing_user": null, "serviced_tasks": 0, "data_processed": 0.0, "energy_consumed": 2400.0}, {"step": 17, "uav_position": [362.9111507045299, 399.46817718332215], "uav_energy": 7450.0, "servicing_user": null, "serviced_tasks": 0, "data_processed": 0.0, "energy_consumed": 2550.0}, {"step": 18, "uav_position": [354.84710074597285, 393.55454054704694], "uav_energy": 7300.0, "servicing_user": null, "serviced_tasks": 0, "data_processed": 0.0, "energy_consumed": 2700.0}, {"step": 19, "uav_position": [346.7830507874158, 387.6409039107717], "uav_energy": 7150.0, "servicing_user": null, "serviced_tasks": 0, "data_processed": 0.0, "energy_consumed": 2850.0}, {"step": 20, "uav_position": [338.7190008288587, 381.7272672744965], "uav_energy": 7000.0, "servicing_user": null, "serviced_tasks": 0, "data_processed": 0.0,